name,t2i_clip_t2i,swap_clip_t2i,t2i_clip_i2i,swap_clip_i2i,t2i_dino,swap_dino,t2i_evalmuse,swap_evalmuse,t2i_sa,swap_sa
infinity_GP,0.29947500000000005,0.2825582,0.5804905,0.7075614,0.28981779999999996,0.3804355,0.52301875,0.43242515,0.825,0.795
